section,in_resume,title,institution,loc,start,end,description_1,description_2,description_3
education,TRUE,"M.S., Program Evaluation and Data Analytics ",Arizona State University,"Tempe, AZ",2024,2025,"Program consists of data programming, visualization, dashboard design, open data, project management, and impact analysis. Technical skills are built to implement evidence-based approaches to policy and management.",NA,NA
education,TRUE,"B.S., Graphic Information Technology (Emphasis: UX)",Arizona State University,"Tempe, AZ",2022,2024,"Developed skills in gathering user information, analyzing data and communicating through visual design. Researched user psychology and design concepts across websites, web applications, and software programs. UX skills developed include, but not limited to:",NA,NA
positions,TRUE,Chief Content Officer,LA Filming Co,"Los Angeles, CA",2015,2022,"Grew a combined client following by over 1,000,000 followers through organic growth methods, significantly expanding brand reach.",NA,NA
positions,TRUE,Social Media Director,Pointaview Inc,"Los Angeles, CA",2019,2020,"Achieved over $100,000 in online conversions by developing and implementing effective content strategies.",NA,NA
positions,TRUE,E-Commerce Specialist,Electroline Inc,"Los Angeles, CA",2017,2018,Created an in-house PHP data system with the lead engineer that automated workflow and reduced order processing time from 9 hours to 30 minutes.,NA,NA
positions,FALSE,Public Relations Coordinator ,Entravision Inc,"Los Angeles, CA",2016,2016,"Coordinated 30,000+ people events, ensuring the seamless execution of large-scale programs.",NA,NA
data_science_projects,TRUE,[Intel Project- Data Analysis for Sustainability](https://www.credential.net/95ee5d1b-51e4-4676-88f4-d0dc469d9874#acc.B2jsp1la),https://www.globalcareeraccelerator.org/,NA,NA,2024,gained experience using professional data analysis and visualization on topics relevant to Intel’s Sustainability goals,Work primarily done in MYSQL,NA
data_science_projects,TRUE,[The GRAMMYs Project - Website Audience Analysis](https://www.credential.net/4630db63-2dc6-4159-ba03-ce0608f31955#acc.P05KQW49),https://www.globalcareeraccelerator.org/,NA,NA,2024, experience using professional data analysis and visualization in regards to the content and audience strategy of Grammy.com,Work primarily done Python,NA
